{"pow2": [[-34.385012684431004, -0.028446301287663633], [-19.884354055141596, -0.37056820107251076], [-63.04228450332726, 0.03041538121576304], [-35.35487508715766, -0.022651250236611995], [-39.56649980626832, -0.05772525743496703], [-36.35667775345799, -0.1500895520213691], [-63.39402018538243, 0.17180076400543262], [-28.43447248919369, -0.10746665384919626], [-41.624852964145276, 0.06426897813577388], [-64.48492809290904, 0.059195507578059574]], "pow3": [[34.09953642107402, -0.596324204372584, -0.6014168112951928], [144.71807438956688, 134.29166428040512, 0.14506363789568696], [58.860175132203736, -5.964701647463418, 2.1175612937069697], [37.30608509419035, 4.466284563554666, 46.048072573000795], [39.576192096652996, -0.9955484572442621, -0.7120762560782253], [52.382216658919845, 29.861747014007772, 4.8151693424656825], [30.342871328915194, -33.97158461021453, 0.4293961384198798], [37.844171925876324, 28.97723366087416, 3.23885618792526], [34.17396997688771, -8.293964836122877, 0.7054617175322556], [50.7613316467167, -14.30381395309939, 0.41542620246195294]], "log2": [[-1.0196611510268467, 34.37279689995701], [-15.37061111920294, 12.720383402283685], [1.8204272940554627, 63.00227162826327], [-0.8393977638018991, 35.329204725268625], [-2.461348889959732, 39.550478706439016], [-7.238239600732493, 35.250506727442136], [8.53031994164087, 62.697759218608084], [-3.90797619924423, 27.732741650614912], [2.422450247044838, 41.52806601625961], [3.516536023181089, 64.39026647622175]], "exp3": [[-5.394363763398302, 0.042975607173417786, 39.97773798368544], [-55.35234217797414, 0.2276322205010823, 56.19931804885618], [34.21624501273651, 1.749077968090924, 58.984252753071395], [888.6061903741645, -0.000108435345108953, -852.7701412011071], [-11.467922503995027, 0.05834593333396205, 51.26060586666201], [-526.7228315174519, 2.8828741531897317, 52.380600185062065], [29.984805178894973, 0.30442524532650933, 40.683336343197304], [-199.33278588931162, 1.9148637980729446, 37.919842251374725], [10.521258000634717, 0.4746875655501088, 35.549963192290214], [12.183625622878138, 0.2858875291063704, 55.212592637088505]], "exp2": [[34.85198599005196, -0.004228485632408512], [27.42245472048496, -0.042601281279531666], [62.39046493787372, 0.004320895403182324], [35.8477734273381, -0.0025931537828555403], [40.83981679278434, -0.008443825614034771], [39.72836180900377, -0.019080831769072687], [60.919220485159, 0.02845086328117887], [30.47976230322215, -0.012448645635301049], [40.71573746463139, 0.009850527395644319], [63.509230168362585, 0.009639230367791744]], "lin2": [[0.15371554356216272, 34.82997104920035], [2.0034326793888484, 23.61451011131701], [-0.25668044381696165, 62.35635519292081], [0.09650245327475694, 35.8355372474695], [0.3795889048208704, 40.692806550763514], [0.972523460012041, 38.94588700674109], [-1.2840847424322188, 59.66360337953936], [0.4461316742563467, 30.223512400302603], [-0.35942271078153676, 40.595609415694135], [-0.552414001939534, 63.34995809869337]], "vap3": [[3.487239167523385, 0.06641778440595918, 0.04561901457772126], [3.75310748541881, -1.4429956055446644, 0.12209428368431124], [4.024300953431301, 0.14112950826788376, 0.015196771418575636], [3.8387454113081727, -0.3304800599337924, -0.07764565039875522], [3.518025243085392, 0.2236841663468111, 0.11346745599644467], [4.518978903866412, -1.1818002718638838, -0.17889395687998988], [4.011561476427061, 0.15805259751869277, -0.11403979437797117], [4.4420982741831665, -1.5421092229157587, -0.2639758283856784], [3.6187490975593484, 0.13116062872580572, -0.022733661878471968], [4.102445667752868, 0.07541052111119351, -0.03420252797107512]], "mmf4": [[34.09969082320312, 34226.643926490266, 20439.93642367079, 0.6015327539796095], [13.314084105875285, 35.102876862982654, 55.645893602229364, 2.476602064097808], [58.14493361325889, -1.0047010015841813, 58.112910503930884, -0.016132621545583807], [37.30609300863422, 1013.882646336634, -4497.699047270966, -323.7256191976578], [41.05100805890603, 520.7165088472399, 47.924019755348034, 2.8597129415199376], [52.38207147807057, -10.972065997589334, 350.07975458094955, -4.766547168425064], [13.878178555651344, -1.034653564085316, 12.122902937232055, -0.010578215878674314], [12.105581434567918, 4061308031139.37, 38.04408313613532, 41.88378451286924], [30.996802824567983, -0.9858752430962069, 31.16071261100954, 0.008755491645201351], [50.761364961024356, 84342.47537643749, 1206480.229662151, -0.41542924210990406]], "wbl4": [[9.941979234543908, -8547.091509774795, 34.29870325405494, -0.0798352476003441], [0.08847253998288723, 44.297970236277266, 54.06990312115002, 1.5279982514684796], [0.03290149076998718, 184.1959965338213, 243.05824976373512, -2.1377565038264663], [1.8779394696884155, 29.209052506994134, 37.30610767541031, 8.175336269446031], [0.003801787853624256, 6.080178577067834, 47.16318173355141, 2.430406349629063], [6.633262646995577, 22450.25873739606, 52.38190573766804, 0.5263070209118644], [-1.331309172194206, -13.789792347525209, 12.21171233528241, -0.21913718037233634], [0.0018422133574478835, 25.99471205537571, 38.044085146300134, 8.540651617890559], [-1.5744055721179526, -2.3794479399872706, 31.04784677726279, -0.3534927216360045], [-1.3362009574052667, -5.727870033753055, 43.33181284285967, -0.2148752610895086]], "exp4": [[0.01590154609792993, 3.5516470842484025, 69.02144401650624, 0.6384944074950576], [0.08847218417717906, 3.7909385577663075, 54.06990633777157, 1.5280000795103446], [0.04697739649691555, 4.866607246206108, 188.74267491727093, -2.14641986811812], [0.693377427594791, 2.1899488410780905, 37.30609818651248, 5.466553586880012], [0.003801134737270393, 1.8050156126993642, 47.16310781621823, 2.430475546933951], [6.64133007036973, 10.027133799683076, 52.381905364654706, 0.5258475250340549], [0.07053904482034909, 6.20166354605114, 524.2537445414706, -0.446669347056159], [0.001746769240943429, 3.2562117956454038, 38.04408947164661, 8.600831997295016], [0.0479299273428, 5.173169356745792, 210.67781295630613, -0.7205748098032259], [24.52819652284543, 2.2156342770112865, 66.05344204818769, -38.825686437892365]], "expp3": [[NaN, NaN, NaN], [NaN, NaN, NaN], [NaN, NaN, NaN], [NaN, NaN, NaN], [NaN, NaN, NaN], [NaN, NaN, NaN], [NaN, NaN, NaN], [-0.9795134855247144, 0.7073846364668804, 38.587316537239104], [NaN, NaN, NaN], [NaN, NaN, NaN]], "pow4": [[79.9605711637171, 56.14749109030339, 0.08072620704536826, 13.72585037562866], [40.03200865368767, 29.473706589721242, 44.123725714494434, 34.679555482094266], [60.57832964812953, -11.920236358691223, 5.551159962949521, 85.53596652893407], [37.30609405414202, 5.098096507986163, 29.5628143577, 0.004484050919976007], [56.03118846275189, 7576.043201152111, 1.6642177789727215, 40.1948724335899], [45.722983958223885, -25.763271434261345, 67.72997940716849, 19.969105951741206], [-1228.3006896605195, -1283.9051781502897, 0.004331491076713207, -0.8255193644180115], [37.89075079719486, 4028.814394778166, 5.818496644756794, 1.334069556272367], [-310.36398743115296, -349.3142661002372, 0.003919140025352049, -0.9441049395823192], [-582.6803300369946, -644.042495507677, 0.0034917963476777305, -0.8517123182189646]], "expd3": [[34.58338523272028, 0.042973676782105154, 39.97790890785266], [0.8470299464649522, 0.2276314068210824, 56.19933641458134], [93.20079445022644, 1.749078195043616, 58.984243417070495], [-52602406.129551426, 16.284175900041824, 37.30609385023677], [39.79270647769559, 0.05834222499939123, 51.26111975074094], [-474.11052583598735, 2.882476095670614, 52.38061548901003], [70.66816285452155, 0.30442525024243344, 40.68339897407017], [-161.41287541961543, 1.9149197754775196, 37.91975338704771], [46.07125514015222, 0.4746874995455026, 35.549960384054934], [67.39626606455028, 0.2858875016529737, 55.21260588465918]],